TaskCount,ExecutionTime
10,5.394022202048995
20,11.885032413665474
30,2.811972930092425
40,9.313628534264002
50,11.71268104756176
60,8.420524002441761
70,6.791320129932421
80,8.893356178731931
90,5.055344476455561
100,9.859378571495098
